{
  "experiment": "tofu_colab_gpt2med",
  "method": "npo",
  "attack": "min_k_prob",
  "pre_unlearning": {
    "mia_auc": 0.57876953125,
    "mia_advantage": 0.07876953124999997,
    "mia_auc_typical": 0.57876953125,
    "mia_advantage_typical": 0.07876953124999997
  },
  "post_unlearning": {
    "mia_auc": 0.48605078125,
    "mia_advantage": 0.013949218749999992,
    "mia_auc_typical": 0.48605078125,
    "mia_advantage_typical": 0.013949218749999992
  },
  "forget_loss_post": 74.42926683425904,
  "retain_loss_post": 74.3555189344618
}